,model,lr,Mean loss,SD loss,Mean regret,SD regret,Mean accuracy,SD accuracy,Mean precision,SD precision,Mean tpr,Mean fpr
0,linear regression,1.0,86902656204.8,4754970385.063282,244.35185975151504,1.1735542622140693,0.834001406469761,7.032348804498767e-05,0.9094553126198696,3.835826620637306e-05,0.9094553126198696,0.9959915611814345
1,linear regression,0.1,700.6139587402344,1.013697711876238,17.732468437243107,0.05874572854190517,0.9059950773558368,0.0002947091176906006,0.9487245876486383,0.00016075042783121195,0.9487245876486383,0.564029535864979
2,linear regression,0.01,3562.7306396484373,23.44708824794141,17.58122364619613,0.2766753332300385,0.9050105485232068,0.00113406845449156,0.9481875719217492,0.0006185827933590421,0.9481875719217492,0.5699367088607595
3,linear regression,0.001,4836.098681640625,29.585210716964813,19.19993233494932,1.7914597931774303,0.8993670886075951,0.005747735327352431,0.9451093210586883,0.003135128360374044,0.9451093210586883,0.6037974683544303
4,linear regression,0.0001,4980.125146484375,55.44769163583282,113.0913076580003,81.37150450471977,0.8566631504922645,0.01899743994897215,0.9218162639048714,0.010362239972166622,0.9218162639048714,0.8600210970464136
5,linear regression,1e-05,5010.09677734375,36.127074444617584,141.2036788224113,88.23958184779356,0.8494901547116737,0.01994672930001657,0.9179037207518219,0.010880034163645419,0.9179037207518219,0.9030590717299578
